Jemima,Lockley,dessert,home
Pip,Robelow,main,restaurant
Crista,Enderson,dessert,home
Manya,Sarchwell,main,home
Tessy,Bethell,main,restaurant
Arlana,Verecker,main,picnic
Eleonora,Halewood,main,takeaway
Arch,Cressy,starter,restaurant
Cecil,Berford,dessert,home
Arda,Boreham,dessert,picnic
Francklyn,Zielinski,main,restaurant
Celie,Vlasov,dessert,restaurant
Ryan,Calbaithe,main,takeaway
Florrie,Fowden,main,restaurant
Randall,Shortell,main,takeaway
Tirrell,Advani,main,home
Hamilton,Kienl,dessert,restaurant
Celestina,Lyttle,starter,home
Prudence,Forst,starter,restaurant
Nester,Aizkovitch,main,restaurant
Bonnibelle,Eisikovitsh,dessert,home
Stacy,Tuffin,starter,home
Domenico,Tremolieres,dessert,home
Yancy,Catford,main,restaurant
Lettie,Branscombe,starter,picnic
Inna,Lowrance,dessert,picnic
Ofelia,Jennrich,main,home
Berrie,Dring,main,home
Lanie,Truter,starter,home
Albie,Biesterfeld,dessert,takeaway
Quent,Kubecka,main,home
Toddie,O'Deegan,main,restaurant
Genevra,Hazel,starter,takeaway
Ode,Darkott,main,picnic
Goldy,Mainland,main,restaurant
Winni,Caramuscia,main,home
Matti,Gregoretti,starter,restaurant
Ferdinand,Williamson,starter,restaurant
Ronnie,Macias,dessert,restaurant
Winfield,Skerritt,dessert,home
Kore,Ingledow,main,home
Jamima,Uman,main,home
Roxy,Rylatt,main,restaurant
Jillene,Cheavin,main,restaurant
Melicent,Grandison,dessert,restaurant
Piper,Annon,main,home
Doloritas,Hargrave,dessert,home
Clarisse,Binfield,dessert,takeaway
Angelica,Durrance,starter,picnic
Trumaine,Tenant,starter,home
